income,age,loan_amount,repayment_label
57450.71229516849,64,25355.622868923256,1.0
47926.03548243223,60,16359.216119661065,1.0
59715.32807151039,31,19245.82189696722,1.0
72845.44784612038,23,18815.0041446992,1.0
46487.69937914996,26,21756.444047122706,0.0
46487.945645762295,29,28449.46728313145,0.0
73688.19223261088,26,25798.956226446528,0.0
61511.52093729363,29,18115.42887293052,1.0
42957.88421097572,59,22712.319307501184,1.0
58138.40065378947,51,26271.784342863564,1.0
43048.734607813065,52,22041.72582197389,1.0
43014.05369644615,61,19976.502977799137,1.0
53629.43407349051,32,22230.00047333593,0.0
21300.79633013303,28,16483.642387182634,1.0
24126.23251230451,28,17213.594379479593,
41565.68706138541,48,14679.828823994512,0.0
34807.53319498364,40,21535.322582851215,0.0
54713.709988929106,27,19342.98546988881,0.0
36379.638867181835,31,15884.409693259602,0.0
28815.444479970625,40,19179.102941897476,1.0
71984.73153382332,36,22349.99130381585,0.0
46613.355492701965,24,29573.561529989962,1.0
51012.92307031886,26,25060.33932351929,1.0
28628.77720679815,42,8579.260712588299,1.0
41834.25913212226,46,21196.54233410173,1.0
51663.83884564799,23,27146.621313564276,1.0
32735.09633866546,61,13310.632543948837,1.0
55635.47027518508,62,22757.79635106212,1.0
40990.419651217926,34,18816.78907234477,0.0
45624.593753100846,31,25751.452654580804,1.0
40974.40081655905,38,22021.28597506726,0.0
77784.17276763407,32,15579.922727203966,1.0
49797.541628930994,43,18995.7426085469,0.0
34134.336065661504,32,19291.521619761883,1.0
62338.173681547836,33,19384.108925949753,1.0
31687.345250434668,45,25596.314723876312,1.0
53132.95392507133,39,15786.900393048849,1.0
20604.948141803365,56,25015.25654830592,1.0
30077.209266523543,28,18488.7516203924,
52952.91853803685,49,21117.555531645823,1.0
61076.99869993116,52,20361.88793140517,1.0
52570.52421784956,64,19890.973309590827,1.0
48265.27576417639,38,19931.985827773387,1.0
45483.444566160666,26,27286.792791355103,1.0
27822.17014448859,38,24212.249624530723,1.0
39202.336874079374,39,18186.42155210035,1.0
43090.41843560319,42,27913.936270610455,0.0
65856.83339328374,57,21373.405369964265,0.0
55154.27434352692,52,21788.121296619473,0.0
23554.39766955899,61,15813.404603343042,
54861.25954092193,23,17512.5067079743,1.0
44223.76579375525,48,16557.48246036412,1.0
39846.16999541062,30,20430.364324968374,1.0
59175.14433261302,55,23193.915397241046,1.0
65464.99283743926,49,21836.16149711107,1.0
63969.201786742975,35,27940.22078034791,1.0
37411.737151660425,53,15561.209973943824,
45361.81436223178,27,20574.345217694412,0.0
54968.95147105346,32,13585.303353508527,1.0
64633.17690683539,50,15390.645141983689,1.0
42812.38643232065,41,26322.89188669232,1.0
47215.115350042746,51,17684.17566764267,1.0
33404.975389909574,44,15983.181019698644,
32056.90063878994,40,9350.115622085264,
62187.88733591297,57,15933.226761055412,0.0
70343.60042856235,24,18973.598629025106,1.0
48919.84817629499,48,13212.985201068945,1.0
65052.993468380366,64,18686.083055087656,1.0
55424.54037571451,40,26353.155303291118,1.0
40323.203680923136,44,16463.473298358338,1.0
55420.93408262621,52,15283.084753150322,1.0
73070.54849698953,61,14380.492665674534,1.0
49462.60941335073,56,14291.179537420998,1.0
73469.6548372101,54,22677.887234442147,1.0
10703.823438653835,56,20243.343684415253,
62328.53756562836,22,24784.28439637787,1.0
51305.70602357257,35,30099.189458271278,0.0
45514.88974301198,54,10848.04434045426,1.0
51376.41164803253,56,21900.393542208865,1.0
20186.46628098661,26,14406.9033278322,
46704.92168243732,59,23944.496490167254,1.0
55356.6885726762,62,18640.43999463282,1.0
72168.41067112274,32,20136.613804320867,1.0
42225.94672589529,23,13584.11286035096,1.0
37872.595956602185,38,17867.864874434163,
42473.64434623195,60,20448.3112555413,1.0
63731.031765531116,41,26780.390734033543,1.0
54931.266644895266,35,16027.197362957228,1.0
42053.59694349442,53,17246.542142348437,1.0
57699.01149670034,55,24721.448210911407,1.0
51456.16324022061,46,15703.298581503446,1.0
64529.67485799334,28,25711.92571987063,1.0
39469.203591839716,56,19954.56712636872,1.0
45085.067801033474,50,21515.614807959217,0.0
44118.377703017635,43,21837.611512546853,1.0
28047.275778018222,62,16918.89723296696,
54441.80415596864,64,21949.434097361976,1.0
53915.82908269834,34,16138.1510784285,0.0
50076.70184963691,34,17489.4849795056,1.0
46481.19299937279,22,22793.454830166378,1.0
28769.438869243786,57,21466.969778209514,0.0
43690.320158519615,25,19625.175245804763,1.0
44859.282252098456,58,13706.341753684947,1.0
37965.84096167572,61,14954.20855325185,1.0
47580.71432500986,34,21383.545219524924,1.0
56060.762852218075,59,23660.70281742558,1.0
78292.78851815795,45,14451.772477396215,1.0
52618.66719247759,40,15800.873762739162,1.0
53863.25586084146,22,20670.9258708886,0.0
48883.311263507494,59,20563.939313145467,0.0
21218.431770514377,26,11880.213956194793,1.0
49602.291868261746,37,20807.815067199946,0.0
50903.4531491154,45,17008.160948848905,1.0
86948.6316872793,48,28205.23314864479,1.0
47114.58552828316,22,21245.992713678283,1.0
54523.210135004185,55,22107.367249379513,1.0
49479.32345442135,57,22236.796510953052,1.0
32469.82943570702,25,13930.36309673718,1.0
67142.34221772531,21,29719.38446554302,1.0
61278.99549030161,60,11885.443762744133,0.0
61865.4792056457,32,23978.51570849871,1.0
36359.18817807892,56,23093.319687403247,1.0
71041.91466404148,43,17614.9881004352,1.0
28972.234058115788,51,23332.251583566947,1.0
58802.85640700405,31,18412.13400588131,0.0
82856.83438714968,30,16622.69277572111,1.0
35141.955123039676,23,22347.79584676464,1.0
41505.53405595842,34,14967.195044560489,1.0
51494.77047631462,36,18878.72420621215,1.0
42447.86518825701,30,17029.11625635021,1.0
26740.04853400801,49,18320.102452135274,
51028.44462209041,30,22163.64299565092,1.0
34065.44429410843,32,17028.168138268968,1.0
57103.88645952773,50,19038.380434638177,1.0
36208.63648649295,61,17484.27374049209,
73249.01607526309,21,27219.98332787273,1.0
38251.20061495644,25,21713.06199106945,
45169.07725691487,40,21100.3481648336,1.0
62202.758260545044,28,23417.09252311712,1.0
31537.03525349067,63,17029.32711612557,
53411.899019061944,32,24296.286124999202,1.0
69607.14131423642,21,21730.888729163707,1.0
25887.75148158159,40,12195.545486229674,1.0
52769.507877984564,48,12859.845834496176,0.0
53898.24191372635,63,17138.514736079673,0.0
61727.34307665965,57,13394.967520674149,1.0
31445.73933682877,57,18808.607696502084,
30193.150803735854,32,14931.31004292068,0.0
57829.12348425346,57,19511.384734645406,1.0
54454.77009849779,64,27058.54687965728,1.0
53757.39275518815,48,19753.115482219077,1.0
55196.72314245464,35,18485.177725490357,0.0
39799.62917632264,26,21941.21323892672,
53483.80545741505,64,16517.90103538698,0.0
54396.08709948022,40,24217.07154698,1.0
39284.72872960448,34,22476.064765620562,
77986.61766717135,22,20194.32781024282,1.0
57107.49381367681,29,20771.579158167933,1.0
32130.44754196027,57,30208.72955281426,0.0
59848.30412950744,40,24711.56105133934,1.0
35379.77494659018,46,30997.63315580667,1.0
61806.26905613678,49,22660.15096646226,1.0
67378.93368511106,21,12641.54278664656,0.0
37689.765224724346,55,18689.131485680795,1.0
64450.64193866483,26,11498.97562725967,1.0
56191.71390404747,57,22641.515173334592,1.0
62330.90239991735,25,23727.02098672701,1.0
78451.89473980921,53,15570.420020203605,1.0
46319.17825995694,34,16721.818101765733,1.0
38693.95753463766,32,20743.754481176074,1.0
36657.28355561715,62,14009.47968367891,1.0
37762.845725518426,40,13634.201153787335,1.0
48843.47435878844,44,26193.160240205605,1.0
55117.279622249654,63,20573.55309081984,1.0
54150.36198995029,54,17209.45321147022,1.0
62407.74873554036,45,11539.405557213904,1.0
50195.02837816861,49,24261.75678447236,1.0
71803.01115735975,59,16577.408938915156,1.0
46030.147501430656,51,29303.422229352695,1.0
90802.53749884428,63,24296.550488467223,1.0
59385.01021647509,43,15959.290727963655,1.0
37142.63665375576,64,16422.641514342642,
33936.612529083315,58,28609.25581472166,
57237.08622864778,40,19578.70276582748,1.0
46648.05822011224,43,17433.44385838315,0.0
60710.007411381375,36,20138.60844238285,1.0
57098.564368603176,62,17410.43674973105,1.0
48907.56631014691,28,21205.242385540823,0.0
37298.094228973925,41,19620.881892408685,1.0
27277.291629712032,21,24377.539902557543,1.0
43302.275718994686,28,18057.12948380437,1.0
62845.981914852084,49,15575.918166551766,1.0
53211.40616195306,52,18255.076516882073,0.0
31313.91831932018,58,18224.580508879768,0.0
52597.71388776773,25,19612.330924030033,1.0
55779.76069593255,42,23172.701440286124,1.0
36742.138456983004,54,22899.5448373596,1.0
52305.87658918292,21,25998.29337929284,0.0
50873.13077669,46,15942.55161133238,1.0
32855.44553254065,63,21943.600615255542,0.0
55366.81040522425,30,23636.599235103575,0.0
58411.76789552352,50,16628.89796844068,1.0
66245.76864762916,38,18961.844735088103,1.0
65807.03078052355,37,11250.110628906015,1.0
29334.959480643633,46,24534.288475628677,1.0
35932.624401273155,28,18922.508988400652,1.0
57725.529008129895,60,24032.820883405,1.0
57706.78926368313,32,21030.247589397564,1.0
57725.715294590715,47,19074.17385512563,1.0
107790.97235982081,28,12035.986003237571,1.0
58563.3576603975,45,12925.2369464178,1.0
67033.48460270898,24,7034.269078291289,0.0
64310.02645239804,53,17186.932585856717,1.0
59770.86876958697,21,31391.24351590624,0.0
45270.96133039481,39,13560.263052410002,1.0
61384.53830739901,51,6842.840582900469,1.0
38407.621781936425,36,24813.34459792766,
46447.72089889987,34,31818.589346483506,0.0
42719.54678256345,25,21489.605326299014,1.0
51228.112090794835,61,21443.6619735998,1.0
84719.87850010263,46,18450.589631781244,0.0
21991.022111123777,48,11028.7138474497,
60293.90285561771,22,12746.440411282618,1.0
25809.261932155223,26,18416.23335300741,
42921.022013158494,29,17457.72329985128,1.0
66334.2589545105,53,19424.13536115029,1.0
50964.200286431944,61,24146.624119640794,1.0
33833.82833106041,45,17090.810840414895,
39270.444361100475,33,24248.583782023055,1.0
60193.96623402014,29,17123.55145048615,0.0
39044.50052424295,33,25191.197964328785,0.0
53246.878843729624,51,20431.837835367118,0.0
50683.5775985572,61,17820.84829539244,1.0
40225.99478591275,31,20346.47030274445,1.0
82159.16133987988,24,18532.305789212165,1.0
59508.78533477017,54,20565.671188399858,1.0
19622.861200135892,58,23790.53099258736,
52796.814721541414,24,19563.92200792175,0.0
40073.20302847418,58,18152.155735731096,1.0
62786.50002194336,39,14382.418975445855,1.0
38112.18892350949,26,22895.890096458574,
48278.95337799651,54,21741.361132013626,1.0
57574.80918470686,38,14090.285745362395,1.0
62986.327912551824,33,24177.471389603805,1.0
31995.553894163357,61,14009.079836988321,1.0
44982.481462385775,43,25146.108956169468,1.0
42875.82033258566,39,23439.31663593509,1.0
40200.06151139432,31,22098.327612990346,0.0
76481.81360421646,21,18115.02420416482,1.0
56074.725664414334,44,22878.898913332265,0.0
31086.740684974324,27,25381.859976205902,1.0
63767.92920582164,45,22961.75960554087,0.0
81832.3429551895,41,16648.74989136881,1.0
65486.9789082672,35,21337.034911777322,1.0
27209.4505106898,21,25660.17493147518,1.0
42736.48890700623,32,30995.490902783517,0.0
69003.66723779934,27,18973.935127504017,0.0
39384.958015718286,35,24289.415530657152,
56657.291422193426,41,25672.402600421592,0.0
61619.510801440054,39,15937.975005051181,0.0
36096.04292632876,49,28910.391590307405,1.0
49107.119659072996,45,14674.07657958277,0.0
1380.9898989639114,53,24044.927575164882,0.0
34634.185379985654,52,21526.59889773533,1.0
46211.4777291026,55,20277.877799990798,1.0
31283.252270527257,64,32734.166407243218,1.0
74486.16955897454,58,18493.723823365992,1.0
28547.87933059051,46,18413.272036356957,1.0
43399.332699545244,31,26657.394036988975,0.0
51961.10865929137,55,23809.018890433916,1.0
71619.09933599173,28,26410.49460479277,1.0
28462.06773230841,34,20584.34691170557,
67447.45628232439,30,21584.713085060816,1.0
50153.4959152938,22,29504.678064972875,0.0
35277.37023428074,29,15820.229602096519,0.0
56931.55211394906,23,19485.6147795417,1.0
52985.89543360205,41,23991.270357127225,1.0
40996.74684261808,46,19020.69589956081,1.0
51047.031274850284,28,17149.270603584824,0.0
44220.2960470736,22,23092.42256393261,1.0
51702.760178768716,26,26679.02833245747,1.0
59931.960117815695,48,19295.828185970713,1.0
73790.25224218029,49,19157.051895946253,1.0
31432.767517597265,46,16761.559871582846,0.0
81995.500619844,45,18520.11578297133,0.0
20718.68300716247,32,25418.030399150928,1.0
47723.223574466254,25,20405.314353468286,1.0
58824.75809726864,54,15975.04669534856,1.0
54214.87801602549,57,21311.811901618312,1.0
40659.50720269109,35,25255.970054930203,1.0
46878.16624464087,64,17190.571682262856,0.0
42604.985980117504,56,13356.973902022184,1.0
41159.52864583682,35,30954.12579936376,0.0
62744.03145531537,63,13107.353249783764,1.0
55355.23228947571,43,18204.88718072107,1.0
39606.35607109019,26,21160.64255929335,1.0
63493.99813149876,64,18637.861493778542,1.0
54609.49281314914,63,19625.445776724904,0.0
62192.931782584405,41,22884.19083937297,0.0
59444.432628854185,43,8041.391711436032,0.0
37565.07483616891,63,13665.527642380745,1.0
41597.284397045456,36,20221.296930351647,1.0
61209.40407684893,35,17978.914940131952,1.0
59155.55398150197,45,20647.056291377987,0.0
49686.47609053778,56,21138.26641315652,1.0
51759.91074963173,31,9420.400022645039,1.0
69164.97343682637,35,26368.20166075823,1.0
41126.42916746255,24,17508.66058449825,1.0
58206.460717550566,41,15672.434076119967,1.0
46967.11021349159,33,21041.776479796397,1.0
46734.78195159169,42,20535.801138911214,0.0
66481.65277980786,39,25983.45408827319,1.0
62381.245234820446,54,21359.365813850083,0.0
62202.644540009576,34,25790.554240121503,1.0
69582.18210731493,24,15309.113122861472,1.0
50315.05762449138,47,20709.305276037496,1.0
60229.294569424455,49,14426.261463375553,1.0
45345.99865109816,48,20488.379277801396,1.0
54862.49528732663,55,19428.560221990574,1.0
48047.85418448473,28,19213.51287399549,1.0
51454.93947489077,36,19257.362238191836,1.0
58927.3553815537,62,23681.94735092299,1.0
37726.689751497914,56,11963.201714987103,1.0
81385.8091352819,50,15501.060686079138,1.0
34909.73927750447,38,19797.140866274123,1.0
31787.17080818402,22,14106.68455264375,1.0
67371.66310250101,33,20230.570531005225,1.0
61874.94040944404,24,19745.73739379462,0.0
59361.79725578233,46,12981.216774737084,0.0
59425.1826389642,45,12734.174268728611,1.0
49816.29840729628,50,6881.058822253672,0.0
36541.18442771253,31,13896.649751590436,1.0
51137.068372905895,27,20071.616291053,1.0
39842.574327318325,51,20780.939114704386,1.0
64626.796001266266,64,21009.497798142253,1.0
47794.13927746792,30,16110.405936663095,1.0
37617.54204811233,59,19908.482579892552,1.0
45179.2123752051,33,21986.223046207266,1.0
56193.97181413437,51,13659.822252494234,1.0
41544.131707940374,27,20616.645371952698,1.0
37666.69406650353,62,23282.406059175457,0.0
53655.30817237868,62,17546.139350885598,1.0
53674.49856663084,56,25311.171651748016,1.0
42395.85236943305,40,17662.82828087515,1.0
42934.425415725156,24,15699.695724384625,1.0
53480.74906036454,27,22784.205892764603,1.0
28278.734877540137,21,30166.468847332282,1.0
28888.043384351673,64,20426.768094439045,1.0
39223.33668121346,62,23174.539020568598,0.0
46798.292724322295,33,17456.41389451078,0.0
54663.61348397007,42,13791.918901019862,1.0
72130.34325424329,41,20831.328229503666,1.0
62864.89434803029,42,21621.999858939555,1.0
47600.922050548594,48,18210.44454809419,1.0
49714.75688145967,29,23155.28259010753,1.0
34962.05953043287,46,16729.5999509284,1.0
49722.30296011415,29,15489.568670741288,0.0
45670.12041619793,35,25303.214652430826,1.0
54840.778405071345,30,25326.738132708153,0.0
37591.53584671515,44,16828.284470821607,
57790.197713617585,62,28594.25245202411,1.0
72991.08369503866,28,18564.466537348755,0.0
48368.597773147136,44,20423.914323219793,0.0
56025.67583148412,36,19576.73729075786,0.0
60352.159875666686,46,22618.8010872284,1.0
43981.692921712456,47,21357.107469004713,1.0
53361.38722715625,57,21289.81080790829,1.0
50188.88601172692,24,14902.191841400569,1.0
51465.14147823248,44,11557.188416051578,1.0
38404.853242168,39,25710.80014126431,1.0
50367.652613884144,56,17272.77000530128,0.0
57469.974368681746,59,19754.83313283261,1.0
71767.15411692562,30,21633.994549448904,1.0
64389.0623912781,45,28145.04801674634,1.0
82297.73686267335,38,20806.78962321254,1.0
38489.78655667926,39,18026.012185379514,1.0
63084.809550810176,56,17382.278093565714,1.0
52750.130086075274,30,19813.215793790307,1.0
82847.04399826509,53,15453.176151796937,1.0
37875.525719672725,25,20144.378615745052,1.0
37404.17236728836,55,19739.90155770993,1.0
41009.11031833967,64,28207.63474322076,1.0
18141.564135352895,54,19581.994307045396,
42113.674674788585,53,10377.559194755751,0.0
38613.01007669453,41,33367.55485198239,1.0
52255.906797143114,37,24784.168655780486,0.0
55126.339636657394,42,30411.743720477923,1.0
78142.56258823829,57,14213.400065077578,1.0
64256.35757279075,35,18890.86609371854,1.0
41346.44516506395,55,23372.006207471597,0.0
36523.77992977463,48,22681.956861422295,1.0
57378.78757259758,27,21534.68853679776,0.0
30196.501894690366,52,9001.94640749723,1.0
77471.8814878153,31,11437.80271217843,1.0
67691.60181081931,30,27587.60054531936,1.0
42962.365218429426,29,28476.64766434845,1.0
24302.98206363683,34,19466.74354281802,1.0
70308.0856124812,33,26952.13737203191,0.0
48281.902321210735,45,14883.86116928351,1.0
68567.24467960192,22,16027.869732656596,1.0
26083.585118084495,55,14488.598390684254,
41009.374655693406,27,15750.40227155677,1.0
50078.65549577275,41,23613.480047613095,0.0
50704.70890647113,38,15688.238134682779,1.0
43249.01792781134,23,31198.715199639326,1.0
59342.74898521248,62,22300.35303173719,1.0
33985.69355926108,59,25422.63523247544,0.0
47864.3077246806,61,22449.702914000365,0.0
51804.434475678485,31,26071.348252296397,1.0
57716.582510881235,59,15660.000002307263,1.0
60674.223171333346,44,27234.667690997783,0.0
33130.36862243197,39,20704.694427957184,
26988.287438965664,24,26046.330554843695,1.0
69165.15232847763,46,12802.17973311908,1.0
54984.71017969387,58,20902.916033041816,1.0
38772.701951651696,62,20726.193583908327,1.0
73267.27963283785,52,16903.817675102793,1.0
51735.11951439288,59,21565.59414873632,1.0
67689.45776095739,56,27698.03424000757,1.0
51012.777221151635,60,16519.238205184396,0.0
80911.21887322981,57,24809.271781024694,0.0
76330.11263664806,53,14362.884719267458,1.0
46265.5377728139,56,30547.222973212294,0.0
64573.56426431533,23,23923.001592183544,1.0
59680.639243777216,29,28625.586661292862,0.0
70529.47336298523,28,23360.30259546884,0.0
35526.14809129843,53,21953.065888646808,
60290.77189997659,26,23964.66470242959,1.0
65876.36730274382,61,19317.762683229143,1.0
23618.907703653287,59,11910.830472208389,0.0
32251.122310013372,24,22236.996732333962,0.0
19411.51733359849,33,16222.483327001226,1.0
45958.89748333164,22,14491.69042310299,1.0
60763.13383693943,25,23181.46584219305,1.0
72535.35578144042,64,18604.45762550153,1.0
51111.42170629663,47,25138.52203302845,1.0
74429.23318356938,52,16055.29615620465,1.0
29298.47812677663,41,17645.855117430867,1.0
24449.26340967268,28,25751.480131506967,
49166.78451655072,58,21399.213304988043,1.0
55760.98173408961,28,12613.359795469301,1.0
49509.578778588606,23,21288.804414300554,1.0
18988.36849940185,64,27406.19274294402,1.0
48663.19940730817,23,17607.112776892664,0.0
30432.957492427202,42,22990.288482264543,0.0
60045.08823245058,26,15753.065424220475,1.0
55498.973691452724,22,19316.083625152856,1.0
35901.80320508967,43,25449.177682252168,
42291.9962399496,64,21096.15833877487,1.0
34111.79717166573,22,26446.349313578183,1.0
49059.813540902425,58,22126.512021139308,1.0
64327.134807518574,37,31093.69838600421,1.0
35214.10930496684,55,12175.433153903654,
57560.697732767665,54,18914.033249695174,0.0
42046.13572441339,43,14577.331033539744,0.0
38106.907516064835,50,14918.754127708753,0.0
48394.544600681635,28,14964.081530969801,1.0
34471.365163709386,42,20838.6291102561,0.0
41695.26041979227,64,21131.504674109336,1.0
32031.831611167272,56,22137.27962497558,1.0
79470.87699374584,25,14384.697199277241,1.0
50528.95327957593,33,18378.875905008546,0.0
39504.117380111216,49,15178.526801218159,0.0
53209.69866101333,51,24679.40778135858,0.0
48315.07925463755,36,15648.662249095132,1.0
46685.45600700166,62,18931.439240020594,1.0
59212.500500651375,50,22801.532206615528,0.0
61362.61565070957,36,16921.856627512178,0.0
42042.48278584209,32,23469.39222490327,0.0
41362.7263903298,37,27980.398677665744,0.0
45874.22454272534,36,20948.558643627628,1.0
15471.182528966228,32,24508.054572842033,
27272.134067021718,28,9632.895555318086,1.0
70503.11401166787,40,17854.740365760746,1.0
74674.51570251926,23,20924.504084644883,0.0
46264.45940665433,36,14735.174607998466,1.0
58648.3544458365,50,21038.24667702046,1.0
54668.75231815304,43,25299.702780295753,1.0
96183.21212682857,48,10602.19685994989,1.0
66793.62367151865,60,14054.635670980762,0.0
48081.2361277885,25,20924.066353820926,0.0
35666.89339099362,40,22302.09864720024,0.0
25903.30519613641,60,23690.401874548254,1.0
53051.954538008344,64,20554.44739443884,1.0
38654.73882073545,21,22307.562025079045,
28666.19435603489,50,24517.403542703407,1.0
40301.4067363621,41,17927.70949114837,1.0
33776.779945784074,40,16957.069569967894,1.0
75307.12452608848,26,19157.46684532566,0.0
63224.59635424176,42,20997.439711387065,1.0
49880.41038025074,38,16708.63278399341,0.0
72199.1620833504,28,18031.21341763394,1.0
51160.524614714275,59,21988.508852536477,1.0
37080.73698007604,52,20788.753905148576,0.0
72846.86115904486,53,19073.31438592121,1.0
58083.65065526988,36,11294.653449686755,1.0
34441.30768510315,32,19982.4600399573,1.0
47144.91982874588,58,15149.980162454787,1.0
36865.72619922864,54,24915.4135260295,1.0
29258.004035534956,34,18456.39423360746,0.0
63892.66321297462,56,15018.839718887399,0.0
78641.24960705196,53,19692.283630599755,0.0
29021.486392712883,43,26353.497925460957,1.0
58444.538550358564,22,23154.079245723096,0.0
40240.361463172594,61,21099.58575302967,1.0
42693.11924352956,41,13369.524704765718,1.0
41114.091136416966,22,28108.000498831607,1.0
37040.138454802756,47,16891.864129820486,1.0
50727.82441917241,29,24668.919564361713,1.0
37535.748253834434,21,18373.185608242926,1.0
54056.85238669758,31,24187.539362416195,0.0
49246.42835826294,23,26534.370479376368,0.0
46415.77929700386,43,23240.686349537667,1.0
36386.54506937603,46,23779.274798799695,0.0
41348.43004147501,24,19507.80506922184,0.0
61330.86838738634,38,17830.169289635945,1.0
57513.75781436571,26,20691.49344892905,0.0
35336.67132802174,55,18300.427471153915,1.0
51489.98458143839,42,32336.01855406246,0.0
61270.80685057684,63,15038.208567547432,1.0
24958.920783179423,35,25010.426082952046,1.0
58150.402885699026,42,22585.98417269507,1.0
40060.6436158123,57,21149.36104061969,1.0
58558.98002889739,62,27399.4304995692,1.0
38551.11265186225,32,21491.887263005894,0.0
22926.768490032213,62,16825.465401287925,1.0
25586.86343175256,58,21458.651886267042,1.0
50721.27419992073,38,19084.108655473858,1.0
53895.83752582223,55,22516.423344083243,1.0
36435.25062343387,50,24065.368158147492,
59578.88688166061,44,15704.560288179653,1.0
25077.1990659656,62,25976.68059001408,
49008.80302029025,50,18725.500775657703,0.0
31834.757003563154,34,22218.06961341089,
40222.45838296761,26,23085.15085160348,0.0
50710.98006974621,23,21836.94345315315,0.0
37093.799520740715,36,19454.457411737156,0.0
44231.66683655262,27,17557.01209003668,0.0
65094.39213821661,34,18655.027463483293,1.0
41346.62195715277,29,27825.859662644387,0.0
62535.38168097713,35,15670.667814354705,1.0
33054.397180135726,41,16403.78331018517,
57947.06266872924,55,16184.255884281429,0.0
71623.5293098685,22,20678.769399588324,1.0
12925.33249809066,47,12376.47275006097,
38046.57116794285,22,13232.200719328033,1.0
58656.0819077081,55,18695.22583520371,0.0
46954.31920935511,38,13561.12277350881,1.0
55567.188100569634,34,13968.643453585992,1.0
40940.222199262695,40,13598.657953185304,0.0
51298.8468120935,38,15766.941454333355,0.0
47664.84146911881,30,23656.23253335203,1.0
67516.73092489711,45,24778.539780605413,0.0
53816.31264951819,22,29595.00446609303,1.0
55064.039931128034,45,29411.809292567392,1.0
43821.84550816299,53,23931.563549402235,1.0
42685.906638912595,56,25138.388374005157,1.0
43511.627182705684,51,20655.51045342959,0.0
55916.78213567445,34,22599.324260061345,0.0
43685.232787696055,21,29718.01524091585,1.0
54346.62285344619,36,21856.064340284152,1.0
81131.01197968157,23,25766.192892726198,1.0
63066.87055147538,55,15328.241957107444,0.0
45109.647017482384,61,16668.80637870886,0.0
68018.20883245918,26,21560.347988974838,0.0
43878.86940467673,45,20749.658350316957,1.0
19428.13197233219,33,16900.32906297552,0.0
34878.70533623894,54,32036.887919656096,1.0
21938.121184612166,28,20862.97051957433,1.0
44727.29773938037,41,17786.37473907669,1.0
50276.27568784328,54,20758.094136803153,1.0
75146.55968412924,24,20127.133513058176,0.0
54903.91060646244,45,20939.01273945544,1.0
46713.49206786704,35,12031.414923244834,1.0
62441.083717752335,24,26459.733482834326,1.0
16832.970364881723,32,26744.14710219575,1.0
53534.21837162849,52,27351.60386018243,1.0
61562.9779083045,52,21627.15879268149,0.0
27821.206313302377,48,23312.40530082258,0.0
67156.31064810394,33,15668.86525996375,1.0
55077.44611241621,51,24164.49664298695,1.0
43770.68129148798,34,21258.938534469697,0.0
59491.72799159427,40,17697.96692180379,1.0
84060.39286706594,38,24323.723458204204,1.0
52727.99382587743,49,24517.245180455502,0.0
53723.30879450504,26,20303.044178374665,1.0
43109.58650689634,52,22191.912900642015,1.0
37252.33445802813,49,14841.414940332197,0.0
62455.03724816368,63,26215.91718607179,1.0
37158.74261136699,22,15505.934059825491,1.0
51073.49355829089,43,16472.87175960412,1.0
42835.13829852325,39,20311.578227152684,1.0
57184.69738619588,51,25572.581421092298,1.0
55004.931579304226,25,25569.743166078308,1.0
65563.0991638685,39,19975.87689047435,1.0
42349.75401717879,54,23865.066811269055,1.0
45951.87597059943,30,11554.70775335552,0.0
35318.54426326539,45,16403.400049352236,0.0
43335.60109885833,22,16505.247802681995,0.0
55659.50739567278,31,26261.064548799088,1.0
61354.829249680275,51,23273.27081454004,0.0
36167.52013733562,35,20923.263879523005,1.0
63044.088801584905,29,21408.67531914687,0.0
70334.56788207426,43,27841.69638015062,0.0
56201.523548355515,39,19149.101667467243,1.0
78151.93718837098,29,13429.663457329802,1.0
38393.1620134464,55,25435.975921976522,0.0
31330.179450328746,41,20909.195186025303,1.0
23319.19626643582,29,24768.358390828904,
72440.66467233775,48,19776.17596306746,0.0
59815.484845310864,27,15806.552381480535,1.0
49166.229936343174,36,22014.108605414884,1.0
54199.529394797304,36,20050.875353707153,0.0
33117.66429052435,53,20924.71141437205,1.0
86686.2796942524,24,28082.85247058708,1.0
51938.31772962841,24,14506.487613076499,1.0
51640.92191907339,59,21429.59330237991,0.0
60886.49935848038,60,15905.016549206615,0.0
57215.1384760507,37,7047.2701343997105,1.0
53358.26036418697,57,19755.17405488888,0.0
38142.883168320324,59,20155.114684999036,1.0
57072.025357039936,49,23117.610514753793,1.0
78230.3674471255,56,18912.29625708028,1.0
70181.30069232467,58,12554.99822438014,1.0
73897.79939959096,59,15887.842113725685,1.0
42331.76485353222,57,26584.794183433518,0.0
35155.92769612129,55,15816.860353546843,1.0
48113.19619850528,27,27916.127648462534,0.0
50835.87368433042,47,25249.921462856917,0.0
66412.87277706423,48,18411.096978319652,1.0
24613.03055427771,42,16354.604184486505,1.0
72943.2547919092,34,25239.56484565289,1.0
47629.88152131516,27,18795.4437745319,0.0
43596.7839507887,57,12271.749301500207,1.0
34818.434371097486,42,22811.583103116292,0.0
25177.149922013454,25,22086.31723929093,1.0
62347.55875942872,22,25688.53101357389,0.0
51099.76950782606,47,21747.974996801484,1.0
30650.58650388419,41,17254.265114771413,1.0
30573.818419045758,58,26348.394198010672,
44963.229510648074,35,26834.952163394217,1.0
75035.32287934089,41,21166.029819926036,1.0
46106.12972954593,30,20301.60957266486,1.0
27452.855703228408,43,13383.644884474475,0.0
46313.85403871084,59,16962.36828826762,0.0
45909.146453784946,25,23803.848209796768,1.0
9546.700355876425,21,17213.598498186497,
49185.577002232814,33,12715.810653033386,1.0
46535.98204686983,41,37479.388948000495,0.0
60443.095472201276,46,12682.970207866558,1.0
77734.34142418018,41,31283.756982170587,1.0
66898.47544321636,38,18462.8827770087,1.0
45966.669641677545,57,19577.18500428096,1.0
33402.11136887495,52,16638.608639062008,1.0
88600.39704874791,56,23914.185823689462,0.0
50888.27651021732,37,12801.128934449578,1.0
50208.939378694195,55,10798.35481882914,1.0
49638.12369334995,31,28050.857646893033,1.0
52971.27141151783,41,15980.138005965111,0.0
47834.59382114086,46,23730.440597698424,0.0
41395.069896796456,24,14572.71961551892,1.0
41797.115881394115,54,23542.10521447291,1.0
49508.70094676002,38,28417.73249389225,1.0
41848.62843299352,60,17364.393072924417,1.0
39307.313259842536,55,10332.794466070094,1.0
51596.453415378455,61,28443.969566549524,0.0
46175.34173868717,49,24631.221607624455,1.0
72559.89482874033,49,17632.143831143458,1.0
10235.45287410482,58,18910.23973365677,1.0
66372.60277883692,62,14446.739018751572,1.0
68691.27788746444,41,27101.2846622098,1.0
18899.146513877757,62,17326.421960946773,1.0
44859.68608879477,33,12906.457312262632,1.0
44428.387010063125,61,21068.229407562358,0.0
28887.32457923268,37,15699.933192107299,0.0
38332.74968613687,29,14849.92712068446,1.0
33341.362318012565,61,17849.50398119027,
76284.05665135435,21,20431.776577501852,0.0
64035.17589721192,22,13094.451220426265,1.0
69073.32642491237,49,26925.74462606162,1.0
60825.08096064853,53,23385.798560328938,1.0
33064.223431741564,30,18173.185046136343,0.0
42132.196005803395,60,15483.282568515011,0.0
57340.61841841877,41,19553.87273541668,0.0
31668.082866620818,48,24497.17520377861,0.0
60694.97645258582,31,23722.920135998396,1.0
46395.119027627974,54,25292.52150225589,0.0
44377.687886756044,28,17598.11254509839,1.0
60664.39952305237,42,5375.374104016615,0.0
56663.9496722906,28,26239.055989581233,1.0
44585.507512713804,35,19164.01928463824,1.0
67389.94705046371,37,23330.83032735831,1.0
33784.05008600154,43,28346.14377320151,1.0
59239.034104163955,44,32172.04316618841,1.0
58896.51886952575,39,16750.892609295897,0.0
45356.803410290144,25,20669.799535828224,1.0
54891.99533363177,52,26834.182303027228,1.0
31233.296354220452,64,15778.60490738502,1.0
63860.40528810352,21,17089.44203104786,0.0
47226.46795335517,43,17059.807107705627,0.0
42159.154692214404,57,19859.548432959888,1.0
65735.13838755334,28,18899.38159855015,1.0
39434.84464185861,33,17031.02338871838,1.0
28873.080554546606,28,15171.212921968705,0.0
26650.562397141442,43,24059.70164197646,1.0
59090.14927018459,63,26689.155104830585,0.0
30793.559712555754,21,27413.573970862075,
76321.91272976546,44,17594.632213077577,1.0
18771.058881744168,55,24268.623361286387,0.0
75446.84552435057,44,21181.629513638876,0.0
53165.26200803927,37,17146.643256933374,1.0
48549.30332194411,25,23671.09109354098,0.0
41826.21369786576,40,16916.974729772515,0.0
55987.04171528106,41,18119.116986091558,0.0
49435.47946362727,60,13116.35148748185,0.0
66549.52823024783,51,17678.89451283387,0.0
51713.41472993059,56,21269.306045072924,1.0
52254.52642192817,31,27844.672478387478,0.0
44545.81681679216,35,18232.522768991566,0.0
49145.81564418399,39,14809.15426456533,1.0
54617.026533380886,27,27486.844854670624,1.0
24347.47411015062,48,17477.23781457891,1.0
29777.218668414305,63,11258.091719295675,1.0
61148.96141034072,25,20665.468675683922,1.0
52562.981571919125,25,18376.132633604124,1.0
47240.24995470981,50,31501.97821342586,1.0
50276.5089959809,52,22376.830171736063,1.0
55213.72558042507,28,19268.28823172582,0.0
41903.60479535958,30,15377.513953721982,0.0
38325.42911896531,58,21650.83420596484,0.0
52937.67882646522,52,27283.549750308972,1.0
35324.40833577452,48,21559.070917386303,1.0
56123.79133571708,37,15762.85153941027,1.0
24461.245936432395,51,22694.03105875977,
65437.33455988466,28,19756.965525635922,1.0
57088.96223619564,60,22243.06551659081,0.0
53840.44601470813,45,18225.963249078897,0.0
64740.36475918271,29,18108.52362869394,1.0
74982.11666693864,22,17911.1010128411,1.0
65215.55097527196,35,24711.190757486806,1.0
22386.88653002532,23,18158.87362379454,
30806.345498964478,56,17701.346343128866,
40627.72133456482,24,15289.670492188168,1.0
50391.36575316251,34,22270.069008583836,1.0
57764.88530703684,61,21558.509010656093,1.0
39113.84280269802,61,17756.158877556845,1.0
52801.50146715617,45,16453.106462210697,0.0
38669.256014700164,30,29380.86706613856,0.0
40827.23295512077,41,10597.78472437581,1.0
28900.083547276667,56,22465.860016008606,1.0
36151.50130833643,32,26457.017741080042,1.0
29724.730915754997,47,3065.9311925584975,0.0
35361.90120534001,60,23970.700300380897,
65804.62694911759,22,18898.726992519558,0.0
35759.01666752085,33,21280.274321416295,0.0
89485.73097256086,52,18383.81017738955,1.0
57399.76851321334,51,25376.967228230384,1.0
52772.54185542311,36,21815.596708356785,0.0
37124.6332972818,52,20658.59944767158,0.0
60504.64819113487,52,15505.696965207033,1.0
41365.432606433395,54,29411.461169170943,0.0
51830.147219680424,31,20049.655098666353,1.0
88401.26807403192,30,31449.028987302296,1.0
48559.10150413025,35,29637.846925890975,0.0
67239.09989428514,37,11108.245163673097,0.0
39452.35362311169,60,16725.270195986548,1.0
49475.17264254558,38,14815.244970125292,1.0
76562.00953453266,29,19758.96959256469,1.0
40595.49413318349,45,20935.82010243081,1.0
77186.72836995393,60,21149.632339467153,1.0
60616.279031832135,34,25270.643380094894,1.0
41562.99836158598,45,27467.913846544347,1.0
59486.116085832815,42,24837.438746193195,1.0
64588.316744400945,50,17195.323928881266,1.0
59327.149433257946,40,16089.880674462802,1.0
26446.629201643154,41,20013.80917941968,1.0
39092.94236262697,64,22130.597632023306,
46287.22046672743,52,19084.04327141439,0.0
48883.498563499306,41,13272.57581873889,1.0
59310.08146326017,55,23410.297542884004,0.0
52665.51501399881,52,18038.426156330483,0.0
29969.83461934848,50,17887.436327889784,0.0
55702.967765089445,59,19726.936629709537,1.0
59158.786179257346,32,18800.505414599193,1.0
58396.856718965595,61,18167.494722439493,0.0
66211.71088331932,38,13599.37346533405,1.0
62508.83231823356,41,19438.762665241706,1.0
56887.70118842655,33,23514.768959534336,0.0
48947.5143281203,41,21323.220025606446,1.0
25085.585997260136,28,24740.607195503224,1.0
56444.27328698879,60,16357.274888399967,1.0
53115.31530744667,27,13609.707604410993,1.0
54073.6825579306,43,18770.750105110015,1.0
30848.771362695355,64,16928.816907256514,0.0
33784.151893876064,52,17448.32508396126,0.0
65797.29279999355,31,21058.748590405638,0.0
49406.672692150176,42,17484.597304476723,1.0
60222.510460589365,42,13749.657553968029,0.0
50424.77564195689,63,17205.02636059001,0.0
50446.34209243615,45,21700.29683430401,1.0
64074.25708963996,42,23357.403005034586,1.0
42259.32907673939,48,23307.113920416734,1.0
51441.811654114754,49,22122.365471239547,0.0
43065.87066942436,33,19159.53267017378,0.0
43482.55658851527,38,22024.570494795647,1.0
45362.41814797041,22,19788.321709008815,0.0
53332.00657450569,49,20565.480689101187,0.0
42818.77067504785,41,15303.3663106703,1.0
68836.34188360281,35,20219.37481880358,1.0
36580.89046670744,47,21893.331171257058,1.0
47196.92533757962,51,21705.636567198544,1.0
43404.034125887374,35,13562.404869703507,1.0
71704.668265306,43,20481.303882016913,0.0
52948.32164767362,44,12780.552112680434,1.0
65477.668092029526,64,20868.38323069263,0.0
27716.59440444542,33,16493.31404198643,0.0
54005.75398803888,42,28528.214712627225,1.0
63344.46193435156,63,20596.21664647945,0.0
51234.259839131366,57,24005.820099119614,1.0
65982.20562598026,53,30554.363185121398,0.0
42240.673248494415,23,15912.990944556395,1.0
71140.2116027837,39,22178.374554529557,1.0
84483.47185428876,43,14070.44495383577,0.0
44557.42159340512,49,21724.485041249598,0.0
43317.462178988426,50,28828.546332252015,1.0
71800.76715676552,59,16860.583927791053,1.0
73693.58218596068,64,15570.22843352702,1.0
42157.09959270098,45,19544.128832407183,1.0
43697.19774356214,57,30229.086440441428,1.0
45773.23086709239,28,23855.194599766273,1.0
29833.242334485843,62,15475.426739719947,1.0
36220.22080273703,36,27275.302912408846,1.0
34937.88849871898,28,11724.685038334066,1.0
38483.03652343807,21,30682.795644013626,1.0
49479.72668919828,64,24282.253400075795,1.0
53513.220988047804,25,28817.78720003359,1.0
73257.50739221115,23,11761.009458079825,1.0
35024.68938891814,21,20847.20915429843,0.0
64764.83597714876,24,19330.555367171422,0.0
46790.16733661736,60,14965.102632766795,1.0
49258.044355213504,55,13519.881898743039,1.0
60122.29238249905,52,22535.406293797743,1.0
33159.16967656552,62,22988.658540568118,0.0
55736.14619276076,54,26499.870233628764,1.0
52496.78312319584,63,17482.894733365847,1.0
57386.76896012223,45,19291.95094922095,0.0
54337.52965861727,30,13087.70037526954,1.0
86829.50209866342,41,27703.929059973747,1.0
40433.90023623026,59,20347.740438786215,1.0
42035.04567497274,47,23612.94250810053,1.0
40652.89210362853,47,23789.52698055506,1.0
41667.84321259618,22,27295.53578650989,1.0
40439.19309040224,61,15843.002663662734,1.0
67835.24796661327,33,23487.93300173589,1.0
71307.56371984782,29,19874.95646845479,1.0
41438.805593757854,56,30528.385331703157,1.0
37514.66640343657,42,15828.179105019915,0.0
57071.23334579606,62,25857.13173881936,1.0
41716.654335785424,46,21751.708896141983,0.0
59493.977266332666,32,21489.280471030106,1.0
53043.845312769496,37,20270.10363023745,1.0
27263.838275041522,34,26733.329114183936,0.0
73212.57801995093,34,21319.258505369675,1.0
76938.16509643283,54,12377.923309395115,0.0
40808.16964273421,40,26097.517843561225,1.0
44184.47660096024,31,25181.00916065861,1.0
54287.98086087358,36,22935.688421064235,1.0
55016.851849805375,51,14357.631851262267,0.0
59878.164090092454,26,15134.423198893399,0.0
80153.06808149525,39,10612.785573819456,1.0
47345.79158758926,57,22301.64936589907,1.0
38025.541331923196,24,13252.255759128151,1.0
29310.21157978209,24,11406.245535689177,
39036.04940087121,40,26374.94559650022,1.0
49503.095406893044,30,23840.897822314233,1.0
76918.36795276681,44,18334.141675845363,1.0
42235.830514457426,55,19329.76708371402,0.0
53356.819274583475,46,7963.27896508029,0.0
49753.65655890872,57,24583.724595296102,1.0
67825.89910172125,58,16536.34267755658,0.0
87903.98638810433,41,21651.454315665706,1.0
42036.96840619519,60,7557.18869104258,1.0
42658.40836222667,59,24887.84016080773,0.0
65662.41315603608,41,16235.77615307138,0.0
60228.37234439467,30,13119.788681053229,1.0
77700.6098860405,58,18301.991827558166,1.0
58758.92277988946,24,17018.023910322576,1.0
44610.61863819411,40,25371.33806454933,1.0
58859.82246038464,37,17898.024388191865,1.0
66630.55370874361,27,26813.085133066837,1.0
62307.23271796046,24,21650.713078945366,1.0
57609.11046660947,49,24471.839436061873,1.0
66000.1203438373,34,19989.16773386057,1.0
67539.4338566851,23,26360.294911699417,0.0
70732.38486556291,44,14231.88004858662,1.0
59730.64831384464,57,20568.122287471637,1.0
47493.22879524718,36,18017.820852842924,0.0
52200.705296499844,24,26983.142397536558,0.0
68097.63449762535,44,27495.172023297127,1.0
37745.964935191456,54,20002.106296185593,1.0
55530.099633093516,50,13542.444494520974,1.0
44099.91781508959,38,22135.486583958336,0.0
50431.17234402226,39,11676.951324831167,0.0
69176.77793910948,51,28130.713993915557,1.0
52866.48602029855,39,17634.14964681981,1.0
50696.54822234223,39,19847.149182912523,1.0
29602.15788530121,42,16595.24462096623,1.0
61193.80349040831,44,15491.092066495898,1.0
59682.26271711613,32,23686.45658273526,1.0
82448.8208495819,50,19206.916614743393,1.0
45383.32647570499,58,20212.412694615876,1.0
53287.254914959085,51,14980.544603905802,1.0
53740.75525566133,56,24280.2961174852,1.0
73661.79919645212,39,24788.948675684336,1.0
48570.567014195716,56,18955.357565602113,1.0
54185.32288655509,50,26339.610666659435,0.0
59118.447645748085,53,19479.379228877388,1.0
52799.13684734537,38,23898.777481444104,0.0
43303.49578174207,48,11885.362095849512,1.0
52911.34989347462,31,21767.154332432063,1.0
66104.47624789659,53,18642.592661965326,1.0
34602.270508834095,37,20777.61212977498,0.0
51994.54511220314,26,20553.41202827913,1.0
39498.1877759124,24,20628.49911088492,1.0
67925.69943387264,40,23078.50364681277,1.0
27152.19642824338,47,17174.131841970106,1.0
41616.17229092617,35,22845.396297678217,1.0
55658.17812596781,26,26162.624415589533,1.0
73482.86043851511,34,12949.294975098383,0.0
49013.746083905186,31,16097.299508853372,0.0
41672.00709960203,59,16307.322872494069,1.0
78217.35604160884,29,14539.771002745203,1.0
28279.79149375634,46,17626.511151814706,0.0
17017.91065069877,36,25165.592576999203,0.0
56600.216750799984,25,27237.93462256214,0.0
42469.18663471083,30,20530.87484873251,1.0
34681.5077430393,23,18378.819945758998,1.0
60625.3467094903,33,24014.6198454033,1.0
53657.010706567984,63,8180.157528739101,1.0
41538.820538949076,50,14724.10763948421,1.0
30795.434019936583,26,8391.847966500423,0.0
63086.85992420217,37,14671.50141322279,0.0
59753.017669379915,39,16164.91236549,0.0
48512.36204330926,62,27388.40938968839,1.0
77699.55494071498,55,6194.690169220052,1.0
33948.72850510771,46,17916.48699882833,0.0
27117.122436128917,25,23097.832360890538,1.0
39621.378951781335,49,22053.653316345466,1.0
49316.209754667536,57,27308.69066767447,1.0
53650.091739840376,40,20805.25739298294,0.0
46381.459132155054,41,21871.390902405725,1.0
55280.83094771445,30,10807.46584098725,1.0
31226.908637143337,25,15058.655709115956,0.0
71656.46906109889,56,11086.476282759882,1.0
48767.732324111465,26,22863.0405395705,0.0
66759.43747382192,46,21743.45225878623,1.0
55140.88019566556,24,21567.689836417576,1.0
56851.29828730676,59,15592.831957709628,1.0
58546.50920348305,59,15135.251103416673,1.0
56715.628400259724,55,21047.234661482085,1.0
59640.84139801316,21,16653.069736144327,1.0
69937.28795198647,44,14897.977180838816,1.0
52947.817545522055,56,17458.053143709658,1.0
60635.05636382769,26,16696.289819823458,1.0
48653.964585691596,61,15666.385126857733,1.0
71601.75823174209,64,13871.16091621199,1.0
39854.115469110955,51,22243.448841694535,1.0
77014.10649366223,40,27780.247197385284,1.0
49397.63074033485,44,19804.97899690673,1.0
28538.373468229278,45,21112.170684849643,1.0
51921.56622366184,56,22681.889263008517,1.0
39784.22513787679,41,21832.82878596561,1.0
62609.65323483086,50,15765.438358415104,1.0
40210.640310464136,44,28599.231055512926,1.0
43307.248501778304,64,16213.447431610195,1.0
21656.889035817036,62,23240.441823302044,1.0
43215.40521126385,50,22650.95653671456,1.0
13641.81010056565,42,10207.792289326811,1.0
26241.45764771415,48,18205.767915435405,1.0
61406.21984216446,27,20283.142259060853,1.0
61787.00237976248,55,20665.75605712143,0.0
56381.86342677447,48,21507.102577583835,0.0
35495.3578530618,34,23788.31436469988,0.0
49284.3296578703,30,19962.42317864611,1.0
49945.96191364148,36,21773.08784008972,0.0
32624.529662111865,36,19775.227066138086,
72550.97452650726,51,14913.331716226132,1.0
63160.43435863507,62,20162.007206848368,1.0
46685.53739255504,45,23745.44922126535,1.0
50403.28758491796,33,25543.941912376824,1.0
53125.74211921329,26,22686.57828772102,0.0
19373.97697363564,64,26671.751629746497,1.0
46292.339262191046,29,22094.323737044902,1.0
39770.23628003302,56,24319.399108344187,1.0
34975.69985157627,63,24686.95574639893,1.0
45783.495606710676,40,18883.24729558132,1.0
76965.29790274284,38,23630.017162838343,1.0
59612.64291900515,63,15296.77551179543,1.0
41432.315153258045,41,21749.06171274432,0.0
58588.741720342376,24,22885.129133342263,0.0
